{"count":1,"self":29.096841599999998,"total":35.9371073,"children":{"InitializeActuators":{"count":1,"self":0.0035562999999999997,"total":0.0035562999999999997,"children":null},"InitializeSensors":{"count":1,"self":0.0086278999999999991,"total":0.0086278999999999991,"children":null},"AgentSendState":{"count":31027,"self":0.3634891,"total":2.402441,"children":{"CollectObservations":{"count":6206,"self":0.0216207,"total":0.0216207,"children":null},"WriteActionMask":{"count":6206,"self":0.0049889999999999995,"total":0.0049889999999999995,"children":null},"RequestDecision":{"count":6206,"self":2.0019008,"total":2.0123422,"children":{"RayPerceptionSensor.Perceive":{"count":5204,"self":0.0104414,"total":0.0104414,"children":null}}}}},"DecideAction":{"count":31027,"self":2.9993052,"total":4.2383912,"children":{"RayPerceptionSensor.Perceive":{"count":1002,"self":1.2390858999999999,"total":1.2390858999999999,"children":null}}},"AgentAct":{"count":31027,"self":0.18492599999999998,"total":0.18492599999999998,"children":{"RayPerceptionSensor.Perceive":{"count":3,"self":0,"total":0,"children":null}}}},"gauges":{"BoatAgent.CumulativeReward":{"count":3,"max":2.89999771,"min":2.35999823,"runningAverage":2.69666457,"value":2.82999778,"weightedAverage":2.578748}},"metadata":{"timer_format_version":"0.1.0","start_time_seconds":"1680930979","unity_version":"2021.3.17f1","command_line_arguments":"C:\\Users\\kaush\\AppData\\LocalLow\\Unity\\Editor\\3289785685\\2021.3.17f1\\Editor\\Unity.exe -projectpath C:\\KART\\WorldMap-Environment\\Map Object Model -useHub -hubIPC -cloudEnvironment production","communication_protocol_version":"1.5.0","com.unity.ml-agents_version":"2.3.0-exp.3","scene_name":"Indian Ocean","end_time_seconds":"1680931015"}}